{
    "day_1": 0.9322056256480069,
    "day_2": 0.8883906545310207,
    "day_3": 0.9031220992411804,
    "day_4": 0.88250404251404,
    "day_5": 0.9179541627929841,
    "day_6": 0.8600024448822017,
    "day_7": 0.9177550577858083,
    "day_8": 0.9266546258815997,
    "day_9": 0.9235727865482347,
    "day_10": 0.9149184695587879,
    "day_11": 0.9279803674530056,
    "day_12": 0.9011250801817214,
    "day_13": 0.957109963236169,
    "day_14": 0.9413517903231419,
    "day_15": 0.9392801353333557,
    "day_16": 0.9298345366690979,
    "day_17": 0.927937800602926,
    "day_18": 0.9397577824285881,
    "day_19": 0.9364347375236803,
    "day_20": 0.878931854094381
}