{
    "PriorPredictionModel": 0.3516373634338379,
    "LinearModel": 0.3489234745502472,
    "LSTMModel": 0.3454555869102478,
    "VNNModel": 0.34281623363494873,
    "VNNWithDtModel": 0.3188665807247162,
    "VNN_WithDtEmbModel": 0.3160996437072754
}