{
    "day_1": 0.925279333526201,
    "day_2": 0.8874451680390641,
    "day_3": 0.8957255518977306,
    "day_4": 0.9024515215902161,
    "day_5": 0.9214170590692027,
    "day_6": 0.8395658050266619,
    "day_7": 0.8538436932255821,
    "day_8": 0.936916878351206,
    "day_9": 0.9260726757374108,
    "day_10": 0.9043730936706386,
    "day_11": 0.9164668135820292,
    "day_12": 0.8957161504666568,
    "day_13": 0.9534811693110437,
    "day_14": 0.9313776734708962,
    "day_15": 0.9394243297688056,
    "day_16": 0.9327223676860146,
    "day_17": 0.9302362908229649,
    "day_18": 0.9097312135154457,
    "day_19": 0.9393918941915629,
    "day_20": 0.8608028805687179
}