{
    "day_1": 0.9261055166474121,
    "day_2": 0.886902648620743,
    "day_3": 0.8980906068448586,
    "day_4": 0.8997879878343735,
    "day_5": 0.9240082738590842,
    "day_6": 0.8392958745199164,
    "day_7": 0.8577562743946059,
    "day_8": 0.9373576037243252,
    "day_9": 0.9257396193062449,
    "day_10": 0.9032372447466606,
    "day_11": 0.9085649173248226,
    "day_12": 0.89652111939468,
    "day_13": 0.9520559390233656,
    "day_14": 0.9304334200825161,
    "day_15": 0.9405990346348682,
    "day_16": 0.9338662300609769,
    "day_17": 0.930980034621528,
    "day_18": 0.9128676405538452,
    "day_19": 0.9388566537342695,
    "day_20": 0.8357436833086109
}